first_name,last_name,email,gender,party,registered
Boot,Hamprecht,bhamprecht0@51.la,Prefer to self-describe,Democrat,true
Court,Marriage,cmarriage1@illinois.edu,Non-binary,Independent,false
Wolfie,Lancley,wlancley2@shop-pro.jp,Female,Democrat,false
Annmarie,Neale,aneale3@creativecommons.org,Male,Democrat,false
Charissa,Cunniam,ccunniam4@sitemeter.com,Prefer to self-describe,Republican,false
Efrem,Saylor,esaylor5@comcast.net,Prefer not to say,Independent,false
Willie,Dinan,wdinan6@trellian.com,Prefer not to say,Republican,true
Jaquelyn,Amoore,jamoore7@intel.com,Prefer to self-describe,Independent,false
Bentlee,Kovalski,bkovalski8@hostgator.com,Female,Democrat,false
Page,Densham,pdensham9@tmall.com,Prefer not to say,Democrat,false
Amata,Djurevic,adjurevica@symantec.com,Male,Independent,true
Alasteir,Kalinke,akalinkeb@loc.gov,Non-binary,Independent,true
Marchelle,Ambrosoni,mambrosonic@unicef.org,Prefer to self-describe,Democrat,false
Brandy,Eddisforth,beddisforthd@yahoo.co.jp,Male,Independent,true
Javier,Tosspell,jtosspelle@google.com.hk,Prefer not to say,Democrat,false
Lotti,Lesslie,llesslief@statcounter.com,Male,Independent,false
Zenia,Orteau,zorteaug@army.mil,Prefer not to say,Independent,true
Maurine,Fellon,mfellonh@rambler.ru,Non-binary,Democrat,true
Alfonso,Grimston,agrimstoni@liveinternet.ru,Prefer to self-describe,Independent,true
Madella,Tyrwhitt,mtyrwhittj@unblog.fr,Female,Independent,true
Karalee,Scyner,kscynerk@mit.edu,Prefer not to say,Democrat,false
Kristo,Ginnell,kginnelll@paypal.com,Non-binary,Independent,true
Bale,Jopp,bjoppm@mysql.com,Prefer not to say,Republican,true
Kelley,Klossmann,kklossmannn@fastcompany.com,Female,Independent,true
Ebenezer,Hyman,ehymano@uiuc.edu,Female,Democrat,false
Rob,Hanes,rhanesp@cloudflare.com,Male,Republican,true
Misha,Newnham,mnewnhamq@state.gov,Prefer to self-describe,Republican,false
Loni,Munson,lmunsonr@alexa.com,Prefer not to say,Republican,false
Nanine,Kemer,nkemers@aboutads.info,Non-binary,Democrat,false
Rosemaria,Brunicke,rbrunicket@netlog.com,Female,Independent,false
Marcile,Tommei,mtommeiu@bluehost.com,Prefer not to say,Democrat,false
Marjorie,Stiggers,mstiggersv@earthlink.net,Prefer not to say,Republican,false
Jaime,Fley,jfleyw@opensource.org,Prefer not to say,Republican,true
Juline,Seavers,jseaversx@disqus.com,Male,Democrat,false
Evvie,Raubenheimer,eraubenheimery@time.com,Female,Independent,false
Miguela,Ciccottini,mciccottiniz@themeforest.net,Prefer to self-describe,Democrat,true
Rickey,Dorian,rdorian10@ibm.com,Non-binary,Independent,true
Lisabeth,Burrett,lburrett11@godaddy.com,Prefer to self-describe,Republican,false
Vernen,Stienham,vstienham12@craigslist.org,Male,Independent,true
Mirabel,Coltherd,mcoltherd13@indiegogo.com,Prefer to self-describe,Democrat,false
Franchot,Haselgrove,fhaselgrove14@un.org,Non-binary,Republican,true
Ferguson,Tofts,ftofts15@digg.com,Prefer not to say,Independent,false
Timoteo,Barkshire,tbarkshire16@topsy.com,Female,Republican,true
Gizela,Simms,gsimms17@geocities.com,Prefer not to say,Republican,false
Clari,Linggood,clinggood18@dailymotion.com,Female,Democrat,true
Son,Bikker,sbikker19@parallels.com,Prefer not to say,Democrat,false
Margret,Tumielli,mtumielli1a@cyberchimps.com,Prefer to self-describe,Republican,true
Alfredo,Cantwell,acantwell1b@state.tx.us,Prefer to self-describe,Republican,false
Edward,Ardling,eardling1c@about.me,Female,Democrat,false
Yuma,Brandino,ybrandino1d@slashdot.org,Male,Republican,false
Hazel,Wickman,hwickman1e@cdc.gov,Male,Democrat,true
Alejandro,Matuszak,amatuszak1f@nytimes.com,Non-binary,Democrat,false
Courtney,Orritt,corritt1g@kickstarter.com,Male,Democrat,false
Kirbee,Coling,kcoling1h@stumbleupon.com,Non-binary,Independent,true
Nikkie,Benezeit,nbenezeit1i@unesco.org,Male,Independent,true
Gerrilee,Ducarne,gducarne1j@toplist.cz,Prefer to self-describe,Independent,false
Tyne,De Francesco,tdefrancesco1k@marketwatch.com,Prefer not to say,Democrat,true
Dru,Walkowski,dwalkowski1l@about.me,Female,Democrat,false
Ashbey,Wintringham,awintringham1m@alexa.com,Non-binary,Democrat,true
Alano,Gronaver,agronaver1n@hud.gov,Non-binary,Democrat,false
Hanan,Aberdein,haberdein1o@dailymail.co.uk,Prefer not to say,Democrat,false
Boris,Erskine,berskine1p@php.net,Prefer not to say,Independent,true
Margarethe,Pail,mpail1q@cpanel.net,Prefer not to say,Democrat,true
Gasper,Peal,gpeal1r@guardian.co.uk,Male,Republican,false
Debi,Coxon,dcoxon1s@bloomberg.com,Prefer not to say,Democrat,false
Sayre,Gurrado,sgurrado1t@epa.gov,Male,Republican,false
Amos,Story,astory1u@bizjournals.com,Female,Republican,true
Phyllis,Pessold,ppessold1v@instagram.com,Male,Republican,false
Terrel,Kolushev,tkolushev1w@deliciousdays.com,Male,Democrat,false
Evyn,Ferraretto,eferraretto1x@cnn.com,Non-binary,Republican,false
Karine,Ropcke,kropcke1y@rediff.com,Male,Independent,false
Weider,Kopf,wkopf1z@ucla.edu,Prefer not to say,Republican,false
Babbette,Sinkings,bsinkings20@intel.com,Female,Republican,false
Pauli,Jewess,pjewess21@nba.com,Prefer to self-describe,Independent,true
Luise,De Filippis,ldefilippis22@patch.com,Prefer to self-describe,Republican,true
Saunder,Yarrington,syarrington23@dailymotion.com,Male,Republican,false
Meg,Haydock,mhaydock24@hubpages.com,Prefer to self-describe,Democrat,true
Jory,Courtese,jcourtese25@cdc.gov,Non-binary,Republican,true
Trudy,Itzhayek,titzhayek26@wunderground.com,Non-binary,Republican,true
Augustus,Huleatt,ahuleatt27@bbb.org,Female,Republican,false
Wit,Quiddington,wquiddington28@foxnews.com,Non-binary,Independent,true
Lenard,Dolle,ldolle29@cisco.com,Male,Republican,false
Frederick,Burgin,fburgin2a@tamu.edu,Prefer to self-describe,Independent,false
Elinor,Lindenbluth,elindenbluth2b@nature.com,Male,Republican,false
Tatiania,Burney,tburney2c@archive.org,Prefer not to say,Republican,true
Layne,Broy,lbroy2d@vistaprint.com,Non-binary,Republican,false
Augustin,Burgot,aburgot2e@cam.ac.uk,Female,Independent,false
Stephie,Hampson,shampson2f@cbc.ca,Non-binary,Democrat,false
Des,Llewellyn,dllewellyn2g@sun.com,Female,Independent,false
Con,Gillean,cgillean2h@yale.edu,Prefer to self-describe,Republican,true
Dominick,Geere,dgeere2i@cloudflare.com,Non-binary,Democrat,true
Morgen,Frankum,mfrankum2j@va.gov,Female,Democrat,false
Gipsy,Loughnan,gloughnan2k@gmpg.org,Prefer not to say,Democrat,true
Wait,Beefon,wbeefon2l@w3.org,Non-binary,Republican,false
Nicol,Lunge,nlunge2m@reddit.com,Prefer not to say,Republican,false
Amalie,Deacock,adeacock2n@telegraph.co.uk,Non-binary,Independent,false
Phillie,Taye,ptaye2o@blog.com,Prefer to self-describe,Independent,false
Kearney,Ech,kech2p@issuu.com,Female,Independent,true
Jessalyn,De Simone,jdesimone2q@posterous.com,Female,Democrat,true
Daryl,Duckett,dduckett2r@scientificamerican.com,Prefer not to say,Republican,false
